{"EUR_USD": 1.20986}{"EUR_USD": 1.20986, "AUD_USD": 0.77487}{"USD_JPY": 107.881}{"EUR_JPY": 130.52}{"EUR_USD": 1.20986}{"EUR_USD": 1.20986}{"EUR_USD": 1.20986}{"EUR_USD": 1.20986}{"EUR_USD": 1.20986}{"EUR_USD": 1.20986}{"EUR_USD": 1.20986}{"EUR_USD": 1.20986}{"EUR_USD": 1.20986}{"EUR_USD": 1.20986}{"AUD_USD": 0.77487}{"USD_JPY": 107.881}{"USD_JPY": 107.881}{"USD_JPY": 107.881}{"EUR_USD": 1.20986}{"AUD_USD": 0.77487}{"USD_JPY": 107.881}{"EUR_JPY": 130.52}{"EUR_USD": 1.21984}{"AUD_USD": 0.7734}{"USD_JPY": 109.311}{"EUR_JPY": 133.339}{"EUR_USD": 1.19348}{"AUD_USD": 0.7574}{"USD_JPY": 110.748}{"EUR_JPY": 132.167}